{
  "IcoMoonType": "selection",
  "icons": [
    {
      "icon": {
        "paths": [
          "M1024 590.444l-512-397.426-512 397.428v-162.038l512-397.426 512 397.428zM896 576v384h-256v-256h-256v256h-256v-384l384-288z"
        ],
        "tags": [
          "home",
          "house"
        ],
        "defaultCode": 59648,
        "grid": 16,
        "attrs": []
      },
      "attrs": [],
      "properties": {
        "ligatures": "home, house",
        "name": "home",
        "order": 8,
        "id": 1,
        "prevSize": 32,
        "code": 59648
      },
      "setIdx": 0,
      "setId": 1,
      "iconIdx": 0
    },
    {
      "icon": {
        "paths": [
          "M960 0h64v736c0 88.366-100.29 160-224 160s-224-71.634-224-160c0-88.368 100.29-160 224-160 62.684 0 119.342 18.4 160 48.040v-368.040l-512 113.778v494.222c0 88.366-100.288 160-224 160s-224-71.634-224-160c0-88.368 100.288-160 224-160 62.684 0 119.342 18.4 160 48.040v-624.040l576-128z"
        ],
        "tags": [
          "music",
          "song",
          "audio",
          "sound",
          "note"
        ],
        "defaultCode": 59665,
        "grid": 16,
        "attrs": []
      },
      "attrs": [],
      "properties": {
        "ligatures": "music, song",
        "name": "music",
        "order": 7,
        "id": 18,
        "prevSize": 32,
        "code": 59665
      },
      "setIdx": 0,
      "setId": 1,
      "iconIdx": 17
    },
    {
      "icon": {
        "paths": [
          "M933.79 610.25c-53.726-93.054-21.416-212.304 72.152-266.488l-100.626-174.292c-28.75 16.854-62.176 26.518-97.846 26.518-107.536 0-194.708-87.746-194.708-195.99h-201.258c0.266 33.41-8.074 67.282-25.958 98.252-53.724 93.056-173.156 124.702-266.862 70.758l-100.624 174.292c28.97 16.472 54.050 40.588 71.886 71.478 53.638 92.908 21.512 211.92-71.708 266.224l100.626 174.292c28.65-16.696 61.916-26.254 97.4-26.254 107.196 0 194.144 87.192 194.7 194.958h201.254c-0.086-33.074 8.272-66.57 25.966-97.218 53.636-92.906 172.776-124.594 266.414-71.012l100.626-174.29c-28.78-16.466-53.692-40.498-71.434-71.228zM512 719.332c-114.508 0-207.336-92.824-207.336-207.334 0-114.508 92.826-207.334 207.336-207.334 114.508 0 207.332 92.826 207.332 207.334-0.002 114.51-92.824 207.334-207.332 207.334z"
        ],
        "tags": [
          "cog",
          "gear",
          "preferences",
          "settings",
          "generate",
          "control",
          "options"
        ],
        "defaultCode": 59796,
        "grid": 16,
        "attrs": []
      },
      "attrs": [],
      "properties": {
        "ligatures": "cog, gear",
        "name": "cog",
        "order": 9,
        "id": 149,
        "prevSize": 32,
        "code": 59796
      },
      "setIdx": 0,
      "setId": 1,
      "iconIdx": 148
    },
    {
      "icon": {
        "paths": [
          "M0 832h1024v128h-1024zM128 576h128v192h-128zM320 320h128v448h-128zM512 512h128v256h-128zM704 128h128v640h-128z"
        ],
        "tags": [
          "stats-bars",
          "stats",
          "statistics",
          "chart"
        ],
        "defaultCode": 59804,
        "grid": 16,
        "attrs": []
      },
      "attrs": [],
      "properties": {
        "ligatures": "stats-bars, stats3",
        "name": "stats-bars",
        "order": 11,
        "id": 157,
        "prevSize": 32,
        "code": 59804
      },
      "setIdx": 0,
      "setId": 1,
      "iconIdx": 156
    },
    {
      "icon": {
        "paths": [
          "M1024 657.542c0-82.090-56.678-150.9-132.996-169.48-3.242-128.7-108.458-232.062-237.862-232.062-75.792 0-143.266 35.494-186.854 90.732-24.442-31.598-62.69-51.96-105.708-51.96-73.81 0-133.642 59.874-133.642 133.722 0 6.436 0.48 12.76 1.364 18.954-11.222-2.024-22.766-3.138-34.57-3.138-106.998-0.002-193.732 86.786-193.732 193.842 0 107.062 86.734 193.848 193.73 193.848l656.262-0.012c96.138-0.184 174.008-78.212 174.008-174.446z"
        ],
        "tags": [
          "cloud",
          "weather"
        ],
        "defaultCode": 59841,
        "grid": 16,
        "attrs": []
      },
      "attrs": [],
      "properties": {
        "ligatures": "cloud, weather",
        "name": "cloud",
        "order": 10,
        "id": 194,
        "prevSize": 32,
        "code": 59841
      },
      "setIdx": 0,
      "setId": 1,
      "iconIdx": 193
    }
  ],
  "height": 1024,
  "metadata": {
    "name": "icomoon"
  },
  "preferences": {
    "showGlyphs": true,
    "showQuickUse": true,
    "showQuickUse2": true,
    "showSVGs": true,
    "fontPref": {
      "prefix": "icon-",
      "metadata": {
        "fontFamily": "icomoon"
      },
      "metrics": {
        "emSize": 1024,
        "baseline": 6.25,
        "whitespace": 50
      },
      "embed": false
    },
    "imagePref": {
      "prefix": "icon-",
      "png": true,
      "useClassSelector": true,
      "color": 0,
      "bgColor": 16777215,
      "classSelector": ".icon"
    },
    "historySize": 100,
    "showCodes": true,
    "gridSize": 16
  }
}